OID,city,population,populati_1,populati_2,total_plan,numCyanoge,freqHCN,latitude_c,longitude_,Country,continent,distance,max_dist,std_distan,F3_St_Albert_gcs_PET_Mar_OID,F3_St_Albert_gcs_PET_Mar_FID_,F3_St_Albert_gcs_PET_Mar_COUNT,F3_St_Albert_gcs_PET_Mar_AREA,F3_St_Albert_gcs_PET_Mar_MEAN
-1,St_Albert,1,53.629100000000001,-113.631399999999999,20,2,0.100000000000000,53.642969000000001,-113.625910000000005,Canada,North America,1.584100000000000,6.965200000000000,0.227400000000000,0,0,1,0.000069444451688,24.000000000000000
-1,St_Albert,2,53.631000000000000,-113.630099999999999,20,1,0.050000000000000,53.642969000000001,-113.625910000000005,Canada,North America,1.359300000000000,6.965200000000000,0.195200000000000,,,,,
-1,St_Albert,3,53.633600000000001,-113.628299999999996,13,1,0.077000000000000,53.642969000000001,-113.625910000000005,Canada,North America,1.053600000000000,6.965200000000000,0.151300000000000,1,2,1,0.000069444451688,24.000000000000000
-1,St_Albert,4,53.636200000000002,-113.629499999999993,20,2,0.100000000000000,53.642969000000001,-113.625910000000005,Canada,North America,0.789000000000000,6.965200000000000,0.113300000000000,,,,,
-1,St_Albert,5,53.636299999999999,-113.624300000000005,20,7,0.350000000000000,53.642969000000001,-113.625910000000005,Canada,North America,0.749100000000000,6.965200000000000,0.107500000000000,2,4,1,0.000069444451688,24.000000000000000
-1,St_Albert,6,53.637300000000003,-113.620599999999996,19,3,0.158000000000000,53.642969000000001,-113.625910000000005,Canada,North America,0.721000000000000,6.965200000000000,0.103500000000000,,,,,
-1,St_Albert,7,53.639099999999999,-113.621099999999998,20,5,0.250000000000000,53.642969000000001,-113.625910000000005,Canada,North America,0.534400000000000,6.965200000000000,0.076700000000000,,,,,
-1,St_Albert,8,53.641599999999997,-113.619500000000002,18,2,0.111000000000000,53.642969000000001,-113.625910000000005,Canada,North America,0.449100000000000,6.965200000000000,0.064500000000000,,,,,
-1,St_Albert,9,53.643599999999999,-113.617599999999996,20,5,0.250000000000000,53.642969000000001,-113.625910000000005,Canada,North America,0.552300000000000,6.965200000000000,0.079300000000000,3,8,1,0.000069444451688,24.000000000000000
-1,St_Albert,10,53.646400000000000,-113.619100000000003,20,1,0.050000000000000,53.642969000000001,-113.625910000000005,Canada,North America,0.589100000000000,6.965200000000000,0.084600000000000,,,,,
-1,St_Albert,11,53.646400000000000,-113.615099999999998,20,4,0.200000000000000,53.642969000000001,-113.625910000000005,Canada,North America,0.808300000000000,6.965200000000000,0.116000000000000,4,10,1,0.000069444451688,24.000000000000000
-1,St_Albert,12,53.646799999999999,-113.612399999999994,20,5,0.250000000000000,53.642969000000001,-113.625910000000005,Canada,North America,0.987200000000000,6.965200000000000,0.141700000000000,,,,,
-1,St_Albert,13,53.648400000000002,-113.610500000000002,20,3,0.150000000000000,53.642969000000001,-113.625910000000005,Canada,North America,1.181700000000000,6.965200000000000,0.169700000000000,,,,,
-1,St_Albert,14,53.650799999999997,-113.609200000000001,20,2,0.100000000000000,53.642969000000001,-113.625910000000005,Canada,North America,1.404000000000000,6.965200000000000,0.201600000000000,5,13,1,0.000069444451688,24.000000000000000
-1,St_Albert,15,53.650700000000001,-113.605699999999999,19,0,0.000000000000000,53.642969000000001,-113.625910000000005,Canada,North America,1.585400000000000,6.965200000000000,0.227600000000000,6,14,1,0.000069444451688,24.000000000000000
-1,St_Albert,16,53.651299999999999,-113.600399999999993,20,6,0.300000000000000,53.642969000000001,-113.625910000000005,Canada,North America,1.919700000000000,6.965200000000000,0.275600000000000,,,,,
-1,St_Albert,17,53.652799999999999,-113.598699999999994,20,6,0.300000000000000,53.642969000000001,-113.625910000000005,Canada,North America,2.100300000000000,6.965200000000000,0.301500000000000,7,16,1,0.000069444451688,24.000000000000000
-1,St_Albert,18,53.654699999999998,-113.597600000000000,19,3,0.158000000000000,53.642969000000001,-113.625910000000005,Canada,North America,2.276600000000000,6.965200000000000,0.326900000000000,,,,,
-1,St_Albert,19,53.656900000000000,-113.596699999999998,20,2,0.100000000000000,53.642969000000001,-113.625910000000005,Canada,North America,2.471000000000000,6.965200000000000,0.354800000000000,,,,,
-1,St_Albert,20,53.657400000000003,-113.593000000000004,20,7,0.350000000000000,53.642969000000001,-113.625910000000005,Canada,North America,2.698000000000000,6.965200000000000,0.387400000000000,,,,,
-1,St_Albert,21,53.659100000000002,-113.591399999999993,14,2,0.143000000000000,53.642969000000001,-113.625910000000005,Canada,North America,2.896600000000000,6.965200000000000,0.415900000000000,8,20,1,0.000069444451688,24.000000000000000
-1,St_Albert,22,53.661099999999998,-113.589799999999997,20,2,0.100000000000000,53.642969000000001,-113.625910000000005,Canada,North America,3.119000000000000,6.965200000000000,0.447800000000000,,,,,
-1,St_Albert,23,53.662900000000000,-113.587599999999995,18,4,0.222000000000000,53.642969000000001,-113.625910000000005,Canada,North America,3.359400000000000,6.965200000000000,0.482300000000000,,,,,
-1,St_Albert,24,53.664999999999999,-113.585700000000003,16,2,0.125000000000000,53.642969000000001,-113.625910000000005,Canada,North America,3.608700000000000,6.965200000000000,0.518100000000000,,,,,
-1,St_Albert,25,53.666600000000003,-113.583399999999997,10,2,0.200000000000000,53.642969000000001,-113.625910000000005,Canada,North America,3.840900000000000,6.965200000000000,0.551400000000000,,,,,
-1,St_Albert,26,53.669100000000000,-113.580799999999996,18,1,0.056000000000000,53.642969000000001,-113.625910000000005,Canada,North America,4.156800000000000,6.965200000000000,0.596800000000000,9,25,1,0.000069444451688,24.000000000000000
-1,St_Albert,27,53.671500000000002,-113.578000000000003,20,3,0.150000000000000,53.642969000000001,-113.625910000000005,Canada,North America,4.475700000000000,6.965200000000000,0.642600000000000,,,,,
-1,St_Albert,28,53.671900000000001,-113.574299999999994,18,2,0.111000000000000,53.642969000000001,-113.625910000000005,Canada,North America,4.681300000000000,6.965200000000000,0.672100000000000,10,27,1,0.000069444451688,24.000000000000000
-1,St_Albert,29,53.674100000000003,-113.574500000000000,19,4,0.211000000000000,53.642969000000001,-113.625910000000005,Canada,North America,4.843400000000000,6.965200000000000,0.695400000000000,,,,,
-1,St_Albert,30,53.675600000000003,-113.572800000000001,17,3,0.176000000000000,53.642969000000001,-113.625910000000005,Canada,North America,5.041000000000000,6.965200000000000,0.723700000000000,11,29,1,0.000069444451688,24.000000000000000
-1,St_Albert,31,53.676900000000003,-113.569999999999993,15,4,0.267000000000000,53.642969000000001,-113.625910000000005,Canada,North America,5.273200000000000,6.965200000000000,0.757100000000000,,,,,
-1,St_Albert,32,53.677300000000002,-113.565299999999993,20,4,0.200000000000000,53.642969000000001,-113.625910000000005,Canada,North America,5.524700000000000,6.965200000000000,0.793200000000000,12,31,1,0.000069444451688,24.000000000000000
-1,St_Albert,33,53.679600000000001,-113.565799999999996,13,2,0.154000000000000,53.642969000000001,-113.625910000000005,Canada,North America,5.681300000000000,6.965200000000000,0.815700000000000,,,,,
-1,St_Albert,34,53.681800000000003,-113.551100000000005,16,1,0.062000000000000,53.642969000000001,-113.625910000000005,Canada,North America,6.552800000000000,6.965200000000000,0.940800000000000,13,33,1,0.000069444451688,24.000000000000000
-1,St_Albert,35,53.684899999999999,-113.568399999999997,7,2,0.286000000000000,53.642969000000001,-113.625910000000005,Canada,North America,6.008000000000000,6.965200000000000,0.862600000000000,14,34,1,0.000069444451688,24.000000000000000
-1,St_Albert,36,53.686100000000003,-113.564800000000005,12,0,0.000000000000000,53.642969000000001,-113.625910000000005,Canada,North America,6.261900000000000,6.965200000000000,0.899000000000000,15,35,1,0.000069444451688,24.000000000000000
-1,St_Albert,37,53.688800000000001,-113.564400000000006,15,5,0.333000000000000,53.642969000000001,-113.625910000000005,Canada,North America,6.511000000000000,6.965200000000000,0.934800000000000,,,,,
-1,St_Albert,38,53.689599999999999,-113.561499999999995,17,4,0.235000000000000,53.642969000000001,-113.625910000000005,Canada,North America,6.700200000000000,6.965200000000000,0.962000000000000,,,,,
-1,St_Albert,39,53.690100000000001,-113.558300000000003,20,7,0.350000000000000,53.642969000000001,-113.625910000000005,Canada,North America,6.877900000000000,6.965200000000000,0.987500000000000,16,38,1,0.000069444451688,24.000000000000000
-1,St_Albert,40,53.691899999999997,-113.559899999999999,19,4,0.211000000000000,53.642969000000001,-113.625910000000005,Canada,North America,6.965200000000000,6.965200000000000,1.000000000000000,17,39,1,0.000069444451688,24.000000000000000