OID,city,population,populati_1,populati_2,total_plan,numCyanoge,freqHCN,latitude_c,longitude_,continent,distance,max_dist,std_distan,Rennes_gcs_AI_annual_OID,Rennes_gcs_AI_annual_FID_,Rennes_gcs_AI_annual_COUNT,Rennes_gcs_AI_annual_AREA,Rennes_gcs_AI_annual_MEAN
-1,Rennes,1,48.111499999999999,-1.689300000000000,20,20,1.000000000000000,48.111778000000001,-1.680260000000000,Europe,0.671900000000000,12.319300000000000,0.054500000000000,0,0,1,0.000069444451688,0.869199991226000
-1,Rennes,2,48.115000000000002,-1.686200000000000,18,15,0.833000000000000,48.111778000000001,-1.680260000000000,Europe,0.568200000000000,12.319300000000000,0.046100000000000,,,,,
-1,Rennes,3,48.110900000000001,-1.685100000000000,18,14,0.778000000000000,48.111778000000001,-1.680260000000000,Europe,0.372400000000000,12.319300000000000,0.030200000000000,,,,,
-1,Rennes,4,48.113000000000000,-1.674500000000000,20,18,0.900000000000000,48.111778000000001,-1.680260000000000,Europe,0.448700000000000,12.319300000000000,0.036400000000000,1,3,1,0.000069444451688,0.876299977303000
-1,Rennes,5,48.109600000000000,-1.674400000000000,18,17,0.944000000000000,48.111778000000001,-1.680260000000000,Europe,0.497900000000000,12.319300000000000,0.040400000000000,,,,,
-1,Rennes,6,48.109200000000001,-1.667300000000000,17,10,0.588000000000000,48.111778000000001,-1.680260000000000,Europe,1.004000000000000,12.319300000000000,0.081500000000000,,,,,
-1,Rennes,7,48.107999999999997,-1.664600000000000,17,17,1.000000000000000,48.111778000000001,-1.680260000000000,Europe,1.236200000000000,12.319300000000000,0.100300000000000,2,6,1,0.000069444451688,0.869199991226000
-1,Rennes,8,48.110700000000001,-1.661500000000000,16,15,0.938000000000000,48.111778000000001,-1.680260000000000,Europe,1.398000000000000,12.319300000000000,0.113500000000000,3,7,1,0.000069444451688,0.871699988842000
-1,Rennes,9,48.113000000000000,-1.660100000000000,17,14,0.824000000000000,48.111778000000001,-1.680260000000000,Europe,1.502900000000000,12.319300000000000,0.122000000000000,,,,,
-1,Rennes,10,48.117699999999999,-1.652000000000000,18,18,1.000000000000000,48.111778000000001,-1.680260000000000,Europe,2.198900000000000,12.319300000000000,0.178500000000000,4,9,1,0.000069444451688,0.884899973869000
-1,Rennes,11,48.117300000000000,-1.647400000000000,20,14,0.700000000000000,48.111778000000001,-1.680260000000000,Europe,2.515600000000000,12.319300000000000,0.204200000000000,5,10,1,0.000069444451688,0.881299972534000
-1,Rennes,12,48.117300000000000,-1.643400000000000,19,18,0.947000000000000,48.111778000000001,-1.680260000000000,Europe,2.804500000000000,12.319300000000000,0.227700000000000,,,,,
-1,Rennes,13,48.118400000000001,-1.639700000000000,19,14,0.737000000000000,48.111778000000001,-1.680260000000000,Europe,3.099800000000000,12.319300000000000,0.251600000000000,6,12,1,0.000069444451688,0.879999995232000
-1,Rennes,14,48.118899999999996,-1.635700000000000,19,17,0.895000000000000,48.111778000000001,-1.680260000000000,Europe,3.401500000000000,12.319300000000000,0.276100000000000,,,,,
-1,Rennes,15,48.120199999999997,-1.631500000000000,18,13,0.722000000000000,48.111778000000001,-1.680260000000000,Europe,3.738900000000000,12.319300000000000,0.303500000000000,7,14,1,0.000069444451688,0.889699995518000
-1,Rennes,16,48.121899999999997,-1.628800000000000,19,13,0.684000000000000,48.111778000000001,-1.680260000000000,Europe,3.982500000000000,12.319300000000000,0.323300000000000,,,,,
-1,Rennes,17,48.122799999999998,-1.625500000000000,18,12,0.667000000000000,48.111778000000001,-1.680260000000000,Europe,4.245800000000000,12.319300000000000,0.344600000000000,,,,,
-1,Rennes,18,48.122199999999999,-1.621500000000000,20,17,0.850000000000000,48.111778000000001,-1.680260000000000,Europe,4.513400000000000,12.319300000000000,0.366400000000000,8,17,1,0.000069444451688,0.883899986744000
-1,Rennes,19,48.124600000000001,-1.615600000000000,20,19,0.950000000000000,48.111778000000001,-1.680260000000000,Europe,5.007200000000000,12.319300000000000,0.406500000000000,9,18,1,0.000069444451688,0.883799970150000
-1,Rennes,20,48.123600000000003,-1.607700000000000,20,17,0.850000000000000,48.111778000000001,-1.680260000000000,Europe,5.544500000000000,12.319300000000000,0.450100000000000,10,19,1,0.000069444451688,0.879999995232000
-1,Rennes,21,48.123199999999997,-1.600700000000000,20,11,0.550000000000000,48.111778000000001,-1.680260000000000,Europe,6.041100000000000,12.319300000000000,0.490400000000000,,,,,
-1,Rennes,22,48.125200000000000,-1.590600000000000,20,17,0.850000000000000,48.111778000000001,-1.680260000000000,Europe,6.821000000000000,12.319300000000000,0.553700000000000,11,21,1,0.000069444451688,0.880199968815000
-1,Rennes,23,48.127099999999999,-1.584600000000000,19,18,0.947000000000000,48.111778000000001,-1.680260000000000,Europe,7.302500000000000,12.319300000000000,0.592800000000000,,,,,
-1,Rennes,24,48.128999999999998,-1.581500000000000,20,12,0.600000000000000,48.111778000000001,-1.680260000000000,Europe,7.577000000000000,12.319300000000000,0.615100000000000,12,23,1,0.000069444451688,0.884700000286000
-1,Rennes,25,48.128599999999999,-1.578100000000000,19,16,0.842000000000000,48.111778000000001,-1.680260000000000,Europe,7.810700000000000,12.319300000000000,0.634000000000000,,,,,
-1,Rennes,26,48.126100000000001,-1.573000000000000,20,16,0.800000000000000,48.111778000000001,-1.680260000000000,Europe,8.119899999999999,12.319300000000000,0.659100000000000,13,25,1,0.000069444451688,0.883599996567000
-1,Rennes,27,48.129199999999997,-1.568600000000000,20,14,0.700000000000000,48.111778000000001,-1.680260000000000,Europe,8.511900000000001,12.319300000000000,0.690900000000000,,,,,
-1,Rennes,28,48.129899999999999,-1.564600000000000,13,11,0.846000000000000,48.111778000000001,-1.680260000000000,Europe,8.818700000000000,12.319300000000000,0.715800000000000,14,27,1,0.000069444451688,0.882499992847000
-1,Rennes,29,48.129100000000001,-1.554600000000000,20,19,0.950000000000000,48.111778000000001,-1.680260000000000,Europe,9.524500000000000,12.319300000000000,0.773100000000000,15,28,1,0.000069444451688,0.886099994183000
-1,Rennes,30,48.133600000000001,-1.553900000000000,19,16,0.842000000000000,48.111778000000001,-1.680260000000000,Europe,9.688100000000000,12.319300000000000,0.786400000000000,16,29,1,0.000069444451688,0.893399953842000
-1,Rennes,31,48.133699999999997,-1.549200000000000,20,17,0.850000000000000,48.111778000000001,-1.680260000000000,Europe,10.028900000000000,12.319300000000000,0.814100000000000,17,30,1,0.000069444451688,0.887199997902000
-1,Rennes,32,48.131000000000000,-1.546000000000000,20,18,0.900000000000000,48.111778000000001,-1.680260000000000,Europe,10.192600000000001,12.319300000000000,0.827400000000000,18,31,1,0.000069444451688,0.884999990463000
-1,Rennes,33,48.128999999999998,-1.542000000000000,20,17,0.850000000000000,48.111778000000001,-1.680260000000000,Europe,10.440200000000001,12.319300000000000,0.847500000000000,,,,,
-1,Rennes,34,48.131500000000003,-1.532500000000000,18,16,0.889000000000000,48.111778000000001,-1.680260000000000,Europe,11.185100000000000,12.319300000000000,0.907900000000000,19,33,1,0.000069444451688,0.885100007057000
-1,Rennes,35,48.132800000000003,-1.529400000000000,20,19,0.950000000000000,48.111778000000001,-1.680260000000000,Europe,11.439299999999999,12.319300000000000,0.928600000000000,,,,,
-1,Rennes,36,48.131100000000004,-1.527400000000000,20,18,0.900000000000000,48.111778000000001,-1.680260000000000,Europe,11.548200000000000,12.319300000000000,0.937400000000000,,,,,
-1,Rennes,37,48.130499999999998,-1.522600000000000,19,17,0.895000000000000,48.111778000000001,-1.680260000000000,Europe,11.886699999999999,12.319300000000000,0.964900000000000,20,36,1,0.000069444451688,0.885100007057000
-1,Rennes,38,48.133200000000002,-1.523000000000000,20,19,0.950000000000000,48.111778000000001,-1.680260000000000,Europe,11.913500000000001,12.319300000000000,0.967100000000000,,,,,
-1,Rennes,39,48.131700000000002,-1.517000000000000,20,14,0.700000000000000,48.111778000000001,-1.680260000000000,Europe,12.319300000000000,12.319300000000000,1.000000000000000,,,,,
-1,Rennes,40,48.126800000000003,-1.536500000000000,20,19,0.950000000000000,48.111778000000001,-1.680260000000000,Europe,10.801500000000001,12.319300000000000,0.876800000000000,21,39,1,0.000069444451688,0.884999990463000
-1,Rennes,41,48.123100000000001,-1.539300000000000,17,12,0.706000000000000,48.111778000000001,-1.680260000000000,Europe,10.539500000000000,12.319300000000000,0.855500000000000,22,40,1,0.000069444451688,0.887600004673000
-1,Rennes,42,48.119000000000000,-1.550900000000000,20,10,0.500000000000000,48.111778000000001,-1.680260000000000,Europe,9.636900000000001,12.319300000000000,0.782300000000000,23,41,1,0.000069444451688,0.884999990463000