OID,city,population,populati_1,populati_2,total_plan,numCyanoge,freqHCN,latitude_c,longitude_,continent,distance,max_dist,std_distan,F12_Denver_gcs_PET_Dec_OID,F12_Denver_gcs_PET_Dec_FID_,F12_Denver_gcs_PET_Dec_COUNT,F12_Denver_gcs_PET_Dec_AREA,F12_Denver_gcs_PET_Dec_MEAN
-1,Denver,1,39.738799999999998,-104.989900000000006,20,0,0.000000000000000,39.745485000000002,-104.990108000000006,North America,0.743600000000000,58.245800000000003,0.012800000000000,0,0,1,0.000069444451688,27.000000000000000
-1,Denver,2,39.730400000000003,-104.983900000000006,20,1,0.050000000000000,39.745485000000002,-104.990108000000006,North America,1.759400000000000,58.245800000000003,0.030200000000000,1,1,1,0.000069444451688,27.000000000000000
-1,Denver,3,39.722499999999997,-104.985399999999998,20,11,0.550000000000000,39.745485000000002,-104.990108000000006,North America,2.587300000000000,58.245800000000003,0.044400000000000,2,2,1,0.000069444451688,28.000000000000000
-1,Denver,4,39.716999999999999,-104.985100000000003,20,7,0.350000000000000,39.745485000000002,-104.990108000000006,North America,3.196200000000000,58.245800000000003,0.054900000000000,,,,,
-1,Denver,5,39.709400000000002,-104.985600000000005,20,3,0.150000000000000,39.745485000000002,-104.990108000000006,North America,4.030900000000000,58.245800000000003,0.069200000000000,3,4,1,0.000069444451688,28.000000000000000
-1,Denver,6,39.701900000000002,-104.984800000000007,18,3,0.167000000000000,39.745485000000002,-104.990108000000006,North America,4.867600000000000,58.245800000000003,0.083600000000000,4,5,1,0.000069444451688,28.000000000000000
-1,Denver,7,39.693100000000001,-104.986599999999996,20,10,0.500000000000000,39.745485000000002,-104.990108000000006,North America,5.832700000000000,58.245800000000003,0.100100000000000,5,6,1,0.000069444451688,28.000000000000000
-1,Denver,8,39.688499999999998,-104.983999999999995,19,1,0.053000000000000,39.745485000000002,-104.990108000000006,North America,6.357900000000000,58.245800000000003,0.109200000000000,6,7,1,0.000069444451688,28.000000000000000
-1,Denver,9,39.675300000000000,-104.978999999999999,20,3,0.150000000000000,39.745485000000002,-104.990108000000006,North America,7.861800000000000,58.245800000000003,0.135000000000000,7,8,1,0.000069444451688,28.000000000000000
-1,Denver,10,39.670200000000001,-104.984099999999998,20,3,0.150000000000000,39.745485000000002,-104.990108000000006,North America,8.387100000000000,58.245800000000003,0.144000000000000,8,9,1,0.000069444451688,28.000000000000000
-1,Denver,11,39.658999999999999,-104.979500000000002,20,8,0.400000000000000,39.745485000000002,-104.990108000000006,North America,9.659400000000000,58.245800000000003,0.165800000000000,9,10,1,0.000069444451688,28.000000000000000
-1,Denver,12,39.650700000000001,-104.988299999999995,20,2,0.100000000000000,39.745485000000002,-104.990108000000006,North America,10.540699999999999,58.245800000000003,0.181000000000000,10,11,1,0.000069444451688,28.000000000000000
-1,Denver,13,39.648800000000001,-104.978399999999993,20,3,0.150000000000000,39.745485000000002,-104.990108000000006,North America,10.797400000000000,58.245800000000003,0.185400000000000,11,12,1,0.000069444451688,28.000000000000000
-1,Denver,14,39.640700000000002,-104.999700000000004,20,4,0.200000000000000,39.745485000000002,-104.990108000000006,North America,11.680400000000001,58.245800000000003,0.200500000000000,12,13,1,0.000069444451688,28.000000000000000
-1,Denver,15,39.632800000000003,-104.992500000000007,19,7,0.368000000000000,39.745485000000002,-104.990108000000006,North America,12.531700000000001,58.245800000000003,0.215200000000000,13,14,1,0.000069444451688,28.000000000000000
-1,Denver,16,39.618499999999997,-104.981600000000000,20,1,0.050000000000000,39.745485000000002,-104.990108000000006,North America,14.138800000000000,58.245800000000003,0.242700000000000,14,15,1,0.000069444451688,28.000000000000000
-1,Denver,17,39.614300000000000,-104.986000000000004,18,2,0.111000000000000,39.745485000000002,-104.990108000000006,North America,14.591300000000000,58.245800000000003,0.250500000000000,15,16,1,0.000069444451688,28.000000000000000
-1,Denver,18,39.610500000000002,-104.991600000000005,19,2,0.105000000000000,39.745485000000002,-104.990108000000006,North America,15.010199999999999,58.245800000000003,0.257700000000000,,,,,
-1,Denver,19,39.597000000000001,-104.990099999999998,20,2,0.100000000000000,39.745485000000002,-104.990108000000006,North America,16.510800000000000,58.245800000000003,0.283500000000000,16,18,1,0.000069444451688,28.000000000000000
-1,Denver,20,39.593600000000002,-104.992800000000003,18,6,0.333000000000000,39.745485000000002,-104.990108000000006,North America,16.890400000000000,58.245800000000003,0.290000000000000,17,19,1,0.000069444451688,28.000000000000000
-1,Denver,21,39.585999999999999,-104.998199999999997,20,2,0.100000000000000,39.745485000000002,-104.990108000000006,North America,17.747399999999999,58.245800000000003,0.304700000000000,18,20,1,0.000069444451688,28.000000000000000
-1,Denver,22,39.577199999999998,-104.987799999999993,16,0,0.000000000000000,39.745485000000002,-104.990108000000006,North America,18.713500000000000,58.245800000000003,0.321300000000000,19,21,1,0.000069444451688,28.000000000000000
-1,Denver,23,39.566499999999998,-104.990499999999997,20,2,0.100000000000000,39.745485000000002,-104.990108000000006,North America,19.902300000000000,58.245800000000003,0.341700000000000,20,22,1,0.000069444451688,28.000000000000000
-1,Denver,24,39.556100000000001,-104.986400000000003,15,7,0.467000000000000,39.745485000000002,-104.990108000000006,North America,21.061000000000000,58.245800000000003,0.361600000000000,21,23,1,0.000069444451688,28.000000000000000
-1,Denver,25,39.551699999999997,-104.983500000000006,15,0,0.000000000000000,39.745485000000002,-104.990108000000006,North America,21.555299999999999,58.245800000000003,0.370100000000000,,,,,
-1,Denver,26,39.541100000000000,-105.002799999999993,18,6,0.333000000000000,39.745485000000002,-104.990108000000006,North America,22.752500000000001,58.245800000000003,0.390600000000000,22,25,1,0.000069444451688,27.000000000000000
-1,Denver,27,39.527130000000000,-105.020880000000005,15,2,0.133000000000000,39.745485000000002,-104.990108000000006,North America,24.422499999999999,58.245800000000003,0.419300000000000,23,26,1,0.000069444451688,28.000000000000000
-1,Denver,28,39.523989999999998,-105.003360000000001,20,4,0.200000000000000,39.745485000000002,-104.990108000000006,North America,24.655300000000000,58.245800000000003,0.423300000000000,24,27,1,0.000069444451688,27.000000000000000
-1,Denver,29,39.519390000000001,-104.947670000000002,20,10,0.500000000000000,39.745485000000002,-104.990108000000006,North America,25.401900000000001,58.245800000000003,0.436100000000000,25,28,1,0.000069444451688,27.000000000000000
-1,Denver,30,39.483449999999998,-105.035870000000003,19,1,0.053000000000000,39.745485000000002,-104.990108000000006,North America,29.399500000000000,58.245800000000003,0.504700000000000,26,29,1,0.000069444451688,28.000000000000000
-1,Denver,31,39.480780000000003,-105.005640000000000,20,5,0.250000000000000,39.745485000000002,-104.990108000000006,North America,29.463899999999999,58.245800000000003,0.505900000000000,27,30,1,0.000069444451688,28.000000000000000
-1,Denver,32,39.437420000000003,-104.969960000000000,18,8,0.444000000000000,39.745485000000002,-104.990108000000006,North America,34.298699999999997,58.245800000000003,0.588900000000000,28,31,1,0.000069444451688,28.000000000000000
-1,Denver,33,39.435360000000003,-104.963229999999996,20,7,0.350000000000000,39.745485000000002,-104.990108000000006,North America,34.561199999999999,58.245800000000003,0.593400000000000,29,32,1,0.000069444451688,28.000000000000000
-1,Denver,34,39.421840000000003,-104.991119999999995,21,1,0.048000000000000,39.745485000000002,-104.990108000000006,North America,35.987800000000000,58.245800000000003,0.617900000000000,30,33,1,0.000069444451688,27.000000000000000
-1,Denver,35,39.231740000000002,-104.903729999999996,9,0,0.000000000000000,39.745485000000002,-104.990108000000006,North America,57.604700000000001,58.245800000000003,0.989000000000000,31,34,1,0.000069444451688,25.000000000000000
-1,Denver,36,39.228050000000003,-104.884479999999996,16,3,0.188000000000000,39.745485000000002,-104.990108000000006,North America,58.245800000000003,58.245800000000003,1.000000000000000,32,35,1,0.000069444451688,26.000000000000000
-1,Denver,37,39.230919999999998,-104.883870000000002,21,3,0.143000000000000,39.745485000000002,-104.990108000000006,North America,57.938800000000001,58.245800000000003,0.994700000000000,,,,,
-1,Denver,38,39.477690000000003,-105.004329999999996,20,8,0.400000000000000,39.745485000000002,-104.990108000000006,North America,29.802399999999999,58.245800000000003,0.511700000000000,,,,,
-1,Denver,39,39.476109999999998,-105.006349999999998,18,0,0.000000000000000,39.745485000000002,-104.990108000000006,North America,29.985399999999998,58.245800000000003,0.514800000000000,,,,,
-1,Denver,40,39.526600000000002,-104.934590000000000,20,0,0.000000000000000,39.745485000000002,-104.990108000000006,North America,24.798900000000000,58.245800000000003,0.425800000000000,33,39,1,0.000069444451688,27.000000000000000
-1,Denver,41,39.538829999999997,-105.020930000000007,20,15,0.750000000000000,39.745485000000002,-104.990108000000006,North America,23.129999999999999,58.245800000000003,0.397100000000000,34,40,1,0.000069444451688,28.000000000000000
-1,Denver,42,39.525179999999999,-104.914050000000003,19,0,0.000000000000000,39.745485000000002,-104.990108000000006,North America,25.347899999999999,58.245800000000003,0.435200000000000,35,41,1,0.000069444451688,27.000000000000000
-1,Denver,43,39.534260000000003,-104.918430000000001,20,5,0.250000000000000,39.745485000000002,-104.990108000000006,North America,24.275800000000000,58.245800000000003,0.416800000000000,36,42,1,0.000069444451688,27.000000000000000