OID,city,population,populati_1,populati_2,total_plan,numCyanoge,freqHCN,latitude_c,longitude_,continent,distance,max_dist,std_distan,BUFF_DIST,ORIG_FID,portland_me_012030_20180719_LST_pcs_OID,portland_me_012030_20180719_LST_pcs_FID_,portland_me_012030_20180719_LST_pcs_COUNT,portland_me_012030_20180719_LST_pcs_AREA,portland_me_012030_20180719_LST_pcs_MEAN
-1,Portlandme,1,43.653540000000000,-70.261619999999994,20,3,0.150000000000000,43.656678999999997,-70.253451999999996,North America,0.744100000000000,13.654700000000000,0.054500000000000,100.000000000000000,0,0,0,36,32400.000000000000000,37.730904585499999
-1,Portlandme,2,43.654519999999998,-70.265810000000002,20,5,0.250000000000000,43.656678999999997,-70.253451999999996,North America,1.022800000000000,13.654700000000000,0.074900000000000,100.000000000000000,1,1,1,36,32400.000000000000000,37.353026678100001
-1,Portlandme,3,43.658459999999998,-70.267719999999997,20,3,0.150000000000000,43.656678999999997,-70.253451999999996,North America,1.164800000000000,13.654700000000000,0.085300000000000,100.000000000000000,2,2,2,33,29700.000000000000000,34.462488318399998
-1,Portlandme,4,43.663980000000002,-70.265990000000002,20,4,0.200000000000000,43.656678999999997,-70.253451999999996,North America,1.294700000000000,13.654700000000000,0.094800000000000,100.000000000000000,3,3,3,35,31500.000000000000000,33.942149431499999
-1,Portlandme,5,43.666370000000001,-70.273910000000001,20,3,0.150000000000000,43.656678999999997,-70.253451999999996,North America,1.967100000000000,13.654700000000000,0.144100000000000,100.000000000000000,4,4,4,36,32400.000000000000000,32.996927911400000
-1,Portlandme,6,43.670949999999998,-70.278329999999997,20,2,0.100000000000000,43.656678999999997,-70.253451999999996,North America,2.554000000000000,13.654700000000000,0.187000000000000,100.000000000000000,5,5,5,35,31500.000000000000000,32.129812167399997
-1,Portlandme,7,43.676800000000000,-70.287599999999998,20,4,0.200000000000000,43.656678999999997,-70.253451999999996,North America,3.542600000000000,13.654700000000000,0.259400000000000,100.000000000000000,6,6,6,37,33300.000000000000000,30.571053764100000
-1,Portlandme,8,43.683270000000000,-70.294219999999996,20,3,0.150000000000000,43.656678999999997,-70.253451999999996,North America,4.415200000000000,13.654700000000000,0.323300000000000,100.000000000000000,7,7,7,32,28800.000000000000000,35.835230336999999
-1,Portlandme,9,43.692079999999997,-70.291449999999998,20,2,0.100000000000000,43.656678999999997,-70.253451999999996,North America,4.983400000000000,13.654700000000000,0.365000000000000,100.000000000000000,8,8,8,35,31500.000000000000000,30.695070382600001
-1,Portlandme,10,43.702919999999999,-70.281540000000007,20,2,0.100000000000000,43.656678999999997,-70.253451999999996,North America,5.616000000000000,13.654700000000000,0.411300000000000,100.000000000000000,9,9,9,34,30600.000000000000000,28.406655047899999
-1,Portlandme,11,43.717399999999998,-70.264480000000006,20,5,0.250000000000000,43.656678999999997,-70.253451999999996,North America,6.809800000000000,13.654700000000000,0.498700000000000,100.000000000000000,10,10,10,32,28800.000000000000000,25.426869012699999
-1,Portlandme,12,43.725299999999997,-70.258520000000004,20,2,0.100000000000000,43.656678999999997,-70.253451999999996,North America,7.641200000000000,13.654700000000000,0.559600000000000,100.000000000000000,11,11,11,35,31500.000000000000000,24.880632086100000
-1,Portlandme,13,43.727300000000000,-70.253929999999997,20,4,0.200000000000000,43.656678999999997,-70.253451999999996,North America,7.852800000000000,13.654700000000000,0.575100000000000,100.000000000000000,12,12,12,35,31500.000000000000000,25.486762669200001
-1,Portlandme,14,43.729410000000001,-70.247569999999996,20,3,0.150000000000000,43.656678999999997,-70.253451999999996,North America,8.101100000000001,13.654700000000000,0.593300000000000,100.000000000000000,13,13,13,35,31500.000000000000000,25.362624167900002
-1,Portlandme,15,43.729280000000003,-70.241659999999996,20,0,0.000000000000000,43.656678999999997,-70.253451999999996,North America,8.128299999999999,13.654700000000000,0.595300000000000,100.000000000000000,14,14,14,32,28800.000000000000000,29.655084274899998
-1,Portlandme,16,43.732950000000002,-70.237740000000002,20,2,0.100000000000000,43.656678999999997,-70.253451999999996,North America,8.574500000000000,13.654700000000000,0.628000000000000,100.000000000000000,15,15,15,37,33300.000000000000000,28.839865629900000
-1,Portlandme,17,43.742199999999997,-70.226079999999996,20,6,0.300000000000000,43.656678999999997,-70.253451999999996,North America,9.760800000000000,13.654700000000000,0.714800000000000,100.000000000000000,16,16,16,36,32400.000000000000000,26.857340794700001
-1,Portlandme,18,43.662739999999999,-70.272030000000001,20,3,0.150000000000000,43.656678999999997,-70.253451999999996,North America,1.639400000000000,13.654700000000000,0.120100000000000,100.000000000000000,17,17,17,36,32400.000000000000000,37.820587683200003
-1,Portlandme,19,43.666449999999998,-70.280869999999993,20,4,0.200000000000000,43.656678999999997,-70.253451999999996,North America,2.458600000000000,13.654700000000000,0.180100000000000,100.000000000000000,18,18,18,32,28800.000000000000000,34.638242568899997
-1,Portlandme,20,43.670699999999997,-70.296890000000005,20,1,0.050000000000000,43.656678999999997,-70.253451999999996,North America,3.826200000000000,13.654700000000000,0.280200000000000,100.000000000000000,19,19,19,35,31500.000000000000000,35.127614966700001
-1,Portlandme,21,43.673800000000000,-70.284279999999995,20,1,0.050000000000000,43.656678999999997,-70.253451999999996,North America,3.126200000000000,13.654700000000000,0.228900000000000,100.000000000000000,20,20,20,36,32400.000000000000000,33.548141104999999
-1,Portlandme,22,43.677880000000002,-70.294849999999997,20,1,0.050000000000000,43.656678999999997,-70.253451999999996,North America,4.079900000000000,13.654700000000000,0.298800000000000,100.000000000000000,21,21,21,32,28800.000000000000000,31.608531691900001
-1,Portlandme,23,43.680929999999996,-70.294560000000004,20,6,0.300000000000000,43.656678999999997,-70.253451999999996,North America,4.266600000000000,13.654700000000000,0.312500000000000,100.000000000000000,22,22,22,32,28800.000000000000000,33.233965350699997
-1,Portlandme,24,43.685690000000001,-70.293689999999998,20,2,0.100000000000000,43.656678999999997,-70.253451999999996,North America,4.569500000000000,13.654700000000000,0.334600000000000,100.000000000000000,23,23,23,34,30600.000000000000000,37.143927129300003
-1,Portlandme,25,43.689509999999999,-70.292109999999994,17,4,0.235000000000000,43.656678999999997,-70.253451999999996,North America,4.795200000000000,13.654700000000000,0.351200000000000,100.000000000000000,24,24,24,32,28800.000000000000000,32.893369782299999
-1,Portlandme,26,43.697519999999997,-70.295140000000004,20,8,0.400000000000000,43.656678999999997,-70.253451999999996,North America,5.644800000000000,13.654700000000000,0.413400000000000,100.000000000000000,26,25,26,37,33300.000000000000000,32.338309983199998
-1,Portlandme,27,43.697400000000002,-70.285910000000001,20,4,0.200000000000000,43.656678999999997,-70.253451999999996,North America,5.226500000000000,13.654700000000000,0.382800000000000,100.000000000000000,27,26,27,34,30600.000000000000000,34.368071065800002
-1,Portlandme,28,43.701529999999998,-70.284809999999993,20,1,0.050000000000000,43.656678999999997,-70.253451999999996,North America,5.588500000000000,13.654700000000000,0.409300000000000,100.000000000000000,28,27,28,36,32400.000000000000000,35.341107010000002
-1,Portlandme,29,43.706539999999997,-70.288730000000001,20,1,0.050000000000000,43.656678999999997,-70.253451999999996,North America,6.227900000000000,13.654700000000000,0.456100000000000,100.000000000000000,29,28,29,35,31500.000000000000000,33.505010348200003
-1,Portlandme,30,43.708449999999999,-70.285570000000007,20,5,0.250000000000000,43.656678999999997,-70.253451999999996,North America,6.309500000000000,13.654700000000000,0.462100000000000,100.000000000000000,30,29,30,35,31500.000000000000000,33.852270987700003
-1,Portlandme,31,43.712470000000003,-70.272949999999994,20,5,0.250000000000000,43.656678999999997,-70.253451999999996,North America,6.398700000000000,13.654700000000000,0.468600000000000,100.000000000000000,31,30,31,32,28800.000000000000000,28.162943309599999
-1,Portlandme,32,43.713169999999998,-70.265400000000000,20,6,0.300000000000000,43.656678999999997,-70.253451999999996,North America,6.354600000000000,13.654700000000000,0.465400000000000,100.000000000000000,32,31,32,35,31500.000000000000000,27.846558216799998
-1,Portlandme,33,43.726120000000002,-70.247979999999998,19,3,0.158000000000000,43.656678999999997,-70.253451999999996,North America,7.734000000000000,13.654700000000000,0.566400000000000,100.000000000000000,33,32,33,37,33300.000000000000000,32.118714518300003
-1,Portlandme,34,43.740630000000003,-70.221230000000006,20,3,0.150000000000000,43.656678999999997,-70.253451999999996,North America,9.687700000000000,13.654700000000000,0.709500000000000,100.000000000000000,34,33,34,36,32400.000000000000000,30.430200115800002
-1,Portlandme,35,43.743029999999997,-70.218100000000007,20,2,0.100000000000000,43.656678999999997,-70.253451999999996,North America,10.013600000000000,13.654700000000000,0.733300000000000,100.000000000000000,35,34,35,32,28800.000000000000000,30.915826343500001
-1,Portlandme,36,43.746729999999999,-70.212950000000006,20,3,0.150000000000000,43.656678999999997,-70.253451999999996,North America,10.529299999999999,13.654700000000000,0.771100000000000,100.000000000000000,36,35,36,35,31500.000000000000000,26.740824326199998
-1,Portlandme,37,43.750390000000003,-70.214830000000006,20,1,0.050000000000000,43.656678999999997,-70.253451999999996,North America,10.872900000000000,13.654700000000000,0.796300000000000,100.000000000000000,37,36,37,32,28800.000000000000000,27.910621041599999
-1,Portlandme,38,43.754320000000000,-70.209680000000006,20,1,0.050000000000000,43.656678999999997,-70.253451999999996,North America,11.413100000000000,13.654700000000000,0.835800000000000,100.000000000000000,38,37,38,36,32400.000000000000000,29.539494424600001
-1,Portlandme,39,43.757910000000003,-70.208110000000005,20,4,0.200000000000000,43.656678999999997,-70.253451999999996,North America,11.831700000000000,13.654700000000000,0.866500000000000,100.000000000000000,39,38,39,37,33300.000000000000000,26.324513175500002
-1,Portlandme,40,43.773980000000002,-70.203180000000003,18,3,0.167000000000000,43.656678999999997,-70.253451999999996,North America,13.654700000000000,13.654700000000000,1.000000000000000,100.000000000000000,40,39,40,35,31500.000000000000000,30.203499600800001